{"images": [{"file_name": "P0861__1.0__1154___824.png", "id": 0, "width": 1024, "height": 1024}], "categories": [{"id": 1, "name": "plane", "supercategory": "plane"}, {"id": 2, "name": "baseball-diamond", "supercategory": "baseball-diamond"}, {"id": 3, "name": "bridge", "supercategory": "bridge"}, {"id": 4, "name": "ground-track-field", "supercategory": "ground-track-field"}, {"id": 5, "name": "small-vehicle", "supercategory": "small-vehicle"}, {"id": 6, "name": "large-vehicle", "supercategory": "large-vehicle"}, {"id": 7, "name": "ship", "supercategory": "ship"}, {"id": 8, "name": "tennis-court", "supercategory": "tennis-court"}, {"id": 9, "name": "basketball-court", "supercategory": "basketball-court"}, {"id": 10, "name": "storage-tank", "supercategory": "storage-tank"}, {"id": 11, "name": "soccer-ball-field", "supercategory": "soccer-ball-field"}, {"id": 12, "name": "roundabout", "supercategory": "roundabout"}, {"id": 13, "name": "harbor", "supercategory": "harbor"}, {"id": 14, "name": "swimming-pool", "supercategory": "swimming-pool"}, {"id": 15, "name": "helicopter", "supercategory": "helicopter"}], "annotations": [{"bbox": [98.0, 835.5, 42.10700607299805, 18.0, 0.07304056530311932], "area": 757.9261093139648, "category_id": 7, "segmentation": [[]], "iscrowd": 0, "image_id": 0, "id": 1}, {"bbox": [45.5, 943.5, 34.01470184326172, 14.03566837310791, 0.02777063659342094], "area": 477.41907488216384, "category_id": 7, "segmentation": [[]], "iscrowd": 0, "image_id": 0, "id": 2}, {"bbox": [48.0, 908.5, 38.0, 15.0, 0.0], "area": 570.0, "category_id": 7, "segmentation": [[]], "iscrowd": 0, "image_id": 0, "id": 3}, {"bbox": [46.5, 888.0, 39.0, 14.0, 0.0], "area": 546.0, "category_id": 1, "segmentation": [[]], "iscrowd": 0, "image_id": 0, "id": 4}, {"bbox": [49.5, 852.0, 37.0, 12.0, 0.02702044918726454], "area": 444.0, "category_id": 7, "segmentation": [[]], "iscrowd": 0, "image_id": 0, "id": 5}, {"bbox": [48.5, 834.0, 37.013511657714844, 13.0, 0.02777063659342094], "area": 481.17565155029297, "category_id": 7, "segmentation": [[]], "iscrowd": 0, "image_id": 0, "id": 6}, {"bbox": [49.5, 814.0, 36.013885498046875, 13.03840446472168, 0.0570807824062646], "area": 469.5636054697097, "category_id": 7, "segmentation": [[]], "iscrowd": 0, "image_id": 0, "id": 7}, {"bbox": [52.0, 798.5, 34.0, 13.0, 0.02940328820400495], "area": 442.0, "category_id": 7, "segmentation": [[]], "iscrowd": 0, "image_id": 0, "id": 8}, {"bbox": [51.0, 780.0, 38.0, 12.0, 0.02702044918726454], "area": 456.0, "category_id": 7, "segmentation": [[]], "iscrowd": 0, "image_id": 0, "id": 9}, {"bbox": [52.5, 761.5, 36.013885498046875, 12.041594505310059, 0.0], "area": 433.66460572814685, "category_id": 7, "segmentation": [[]], "iscrowd": 0, "image_id": 0, "id": 10}, {"bbox": [66.0, 733.5, 63.071388244628906, 20.02498435974121, 0.06241880999595735], "area": 1263.0035631458595, "category_id": 7, "segmentation": [[]], "iscrowd": 0, "image_id": 0, "id": 11}, {"bbox": [45.5, 962.0, 37.013511657714844, 15.0, 0.0], "area": 555.2026748657227, "category_id": 7, "segmentation": [[]], "iscrowd": 0, "image_id": 0, "id": 12}, {"bbox": [44.0, 979.0, 37.013511657714844, 13.03840446472168, 0.02777063659342094], "area": 482.59713565297716, "category_id": 7, "segmentation": [[]], "iscrowd": 0, "image_id": 0, "id": 13}, {"bbox": [100.0, 799.5, 34.058773040771484, 13.0, 0.058755822715722696], "area": 442.7640495300293, "category_id": 7, "segmentation": [[]], "iscrowd": 0, "image_id": 0, "id": 14}, {"bbox": [99.5, 781.5, 37.05401611328125, 15.0, 0.02702044918726479], "area": 555.8102416992188, "category_id": 7, "segmentation": [[]], "iscrowd": 0, "image_id": 0, "id": 15}, {"bbox": [100.0, 762.0, 36.013885498046875, 13.0, 0.028563657838759995], "area": 468.1805114746094, "category_id": 7, "segmentation": [[]], "iscrowd": 0, "image_id": 0, "id": 16}, {"bbox": [43.0, 1014.0, 38.05259704589844, 14.0, 0.05123716740341866], "area": 532.7363586425781, "category_id": 7, "segmentation": [[]], "iscrowd": 0, "image_id": 0, "id": 17}, {"bbox": [45.0, 996.5, 34.0, 11.0, 0.05875582271572277], "area": 374.0, "category_id": 7, "segmentation": [[]], "iscrowd": 0, "image_id": 0, "id": 18}, {"bbox": [99.5, 817.5, 35.05709457397461, 13.0, 0.029403288204005115], "area": 455.7422294616699, "category_id": 7, "segmentation": [[]], "iscrowd": 0, "image_id": 0, "id": 19}, {"bbox": [99.0, 853.5, 36.013885498046875, 14.0, 0.057080782406264685], "area": 504.19439697265625, "category_id": 7, "segmentation": [[]], "iscrowd": 0, "image_id": 0, "id": 20}, {"bbox": [100.0, 873.5, 34.01470184326172, 14.0, 0.029403288204005115], "area": 476.20582580566406, "category_id": 7, "segmentation": [[]], "iscrowd": 0, "image_id": 0, "id": 21}, {"bbox": [769.0, 1012.5, 54.00925827026367, 18.0, 0.0], "area": 972.1666488647461, "category_id": 7, "segmentation": [[]], "iscrowd": 0, "image_id": 0, "id": 22}, {"bbox": [773.0, 990.0, 54.0, 18.0, 0.018179815072977945], "area": 972.0, "category_id": 7, "segmentation": [[]], "iscrowd": 0, "image_id": 0, "id": 23}, {"bbox": [772.5, 968.5, 57.00876998901367, 18.0, 0.0], "area": 1026.157859802246, "category_id": 7, "segmentation": [[]], "iscrowd": 0, "image_id": 0, "id": 24}, {"bbox": [774.5, 926.0, 56.00892639160156, 17.029386520385742, 0.0], "area": 953.7976561144169, "category_id": 7, "segmentation": [[]], "iscrowd": 0, "image_id": 0, "id": 25}, {"bbox": [774.0, 881.5, 51.009803771972656, 18.027755737304688, -0.01886568602167049], "area": 919.5922826089663, "category_id": 7, "segmentation": [[]], "iscrowd": 0, "image_id": 0, "id": 26}, {"bbox": [774.0, 860.0, 56.00892639160156, 15.0, 0.01785524513955261], "area": 840.1338958740234, "category_id": 7, "segmentation": [[]], "iscrowd": 0, "image_id": 0, "id": 27}, {"bbox": [774.0, 840.0, 56.00892639160156, 15.0, 0.01785524513955261], "area": 840.1338958740234, "category_id": 7, "segmentation": [[]], "iscrowd": 0, "image_id": 0, "id": 28}, {"bbox": [779.0, 818.0, 53.00943374633789, 19.02629852294922, 0.018516402068009086], "area": 1008.5733109903231, "category_id": 7, "segmentation": [[]], "iscrowd": 0, "image_id": 0, "id": 29}, {"bbox": [939.0, 894.5, 52.0, 21.931713104248047, 1.9295669970654687], "area": 1140.4490814208984, "category_id": 7, "segmentation": [[]], "iscrowd": 0, "image_id": 0, "id": 30}, {"bbox": [850.0, 755.0, 70.11418914794922, 18.0, 0.04345089539153084], "area": 1262.055404663086, "category_id": 7, "segmentation": [[]], "iscrowd": 0, "image_id": 0, "id": 31}, {"bbox": [848.5, 784.0, 69.1158447265625, 20.0, 0.028977393851561332], "area": 1382.31689453125, "category_id": 7, "segmentation": [[]], "iscrowd": 0, "image_id": 0, "id": 32}, {"bbox": [843.5, 854.0, 61.032779693603516, 16.0, 0.03277514440407577], "area": 976.5244750976562, "category_id": 7, "segmentation": [[]], "iscrowd": 0, "image_id": 0, "id": 33}, {"bbox": [840.5, 875.5, 56.0, 17.029386520385742, 0.0], "area": 953.6456451416016, "category_id": 7, "segmentation": [[]], "iscrowd": 0, "image_id": 0, "id": 34}, {"bbox": [843.0, 897.5, 54.00925827026367, 18.0, -0.018516402068009044], "area": 972.1666488647461, "category_id": 7, "segmentation": [[]], "iscrowd": 0, "image_id": 0, "id": 35}, {"bbox": [838.5, 918.0, 47.04253387451172, 18.0, 0.021273386024061203], "area": 846.7656097412109, "category_id": 7, "segmentation": [[]], "iscrowd": 0, "image_id": 0, "id": 36}, {"bbox": [841.5, 938.5, 51.0, 17.0, 0.019605330857204686], "area": 867.0, "category_id": 7, "segmentation": [[]], "iscrowd": 0, "image_id": 0, "id": 37}, {"bbox": [838.5, 959.5, 49.0, 19.0, -0.020830320036217084], "area": 931.0, "category_id": 7, "segmentation": [[]], "iscrowd": 0, "image_id": 0, "id": 38}, {"bbox": [833.5, 982.5, 45.0444221496582, 19.0, 0.0], "area": 855.8440208435059, "category_id": 7, "segmentation": [[]], "iscrowd": 0, "image_id": 0, "id": 39}, {"bbox": [779.0, 795.5, 50.0099983215332, 20.0, -0.01999733397315051], "area": 1000.1999664306641, "category_id": 7, "segmentation": [[]], "iscrowd": 0, "image_id": 0, "id": 40}, {"bbox": [777.0, 775.0, 52.0, 16.0, 0.0], "area": 832.0, "category_id": 7, "segmentation": [[]], "iscrowd": 0, "image_id": 0, "id": 41}, {"bbox": [777.0, 753.5, 56.00892639160156, 20.0, 0.0], "area": 1120.1785278320312, "category_id": 7, "segmentation": [[]], "iscrowd": 0, "image_id": 0, "id": 42}, {"bbox": [269.5, 1005.5, 41.04875183105469, 17.0, 0.04995839572194276], "area": 697.8287811279297, "category_id": 7, "segmentation": [[]], "iscrowd": 0, "image_id": 0, "id": 43}, {"bbox": [268.5, 966.5, 44.0113639831543, 16.031219482421875, 0.04647813135100294], "area": 705.5558357347036, "category_id": 7, "segmentation": [[]], "iscrowd": 0, "image_id": 0, "id": 44}, {"bbox": [267.5, 950.5, 43.046485900878906, 17.0, 0.022723360841641064], "area": 731.7902603149414, "category_id": 7, "segmentation": [[]], "iscrowd": 0, "image_id": 0, "id": 45}, {"bbox": [268.0, 931.0, 41.01219177246094, 15.033296585083008, 0.0], "area": 616.5484425197064, "category_id": 7, "segmentation": [[]], "iscrowd": 0, "image_id": 0, "id": 46}, {"bbox": [266.0, 913.0, 47.04253387451172, 16.031219482421875, 0.020830320036217084], "area": 754.1491855515633, "category_id": 7, "segmentation": [[]], "iscrowd": 0, "image_id": 0, "id": 47}, {"bbox": [270.5, 894.0, 39.0128173828125, 17.0, 0.024994793618919875], "area": 663.2178955078125, "category_id": 7, "segmentation": [[]], "iscrowd": 0, "image_id": 0, "id": 48}, {"bbox": [270.5, 857.0, 41.01219177246094, 15.0, 0.024385409172718538], "area": 615.1828765869141, "category_id": 7, "segmentation": [[]], "iscrowd": 0, "image_id": 0, "id": 49}, {"bbox": [271.0, 839.5, 34.058773040771484, 13.0, 0.0302937599187751], "area": 442.7640495300293, "category_id": 7, "segmentation": [[]], "iscrowd": 0, "image_id": 0, "id": 50}, {"bbox": [273.0, 822.5, 38.05259704589844, 13.0, 0.02702044918726479], "area": 494.6837615966797, "category_id": 7, "segmentation": [[]], "iscrowd": 0, "image_id": 0, "id": 51}, {"bbox": [272.0, 803.5, 39.11521530151367, 16.031219482421875, 0.05123716740341881], "area": 627.0646016007522, "category_id": 7, "segmentation": [[]], "iscrowd": 0, "image_id": 0, "id": 52}, {"bbox": [273.0, 786.0, 38.05259704589844, 12.0, 0.02563540852167748], "area": 456.63116455078125, "category_id": 7, "segmentation": [[]], "iscrowd": 0, "image_id": 0, "id": 53}, {"bbox": [270.5, 767.5, 45.0444221496582, 13.0, 0.04542327942157701], "area": 585.5774879455566, "category_id": 7, "segmentation": [[]], "iscrowd": 0, "image_id": 0, "id": 54}, {"bbox": [386.0, 989.0, 43.046485900878906, 16.031219482421875, 0.0], "area": 690.0876634239685, "category_id": 7, "segmentation": [[]], "iscrowd": 0, "image_id": 0, "id": 55}, {"bbox": [387.5, 950.5, 41.01219177246094, 14.0, 0.0], "area": 574.1706848144531, "category_id": 7, "segmentation": [[]], "iscrowd": 0, "image_id": 0, "id": 56}, {"bbox": [387.5, 930.0, 39.0128173828125, 13.0, 0.02630971725292186], "area": 507.1666259765625, "category_id": 7, "segmentation": [[]], "iscrowd": 0, "image_id": 0, "id": 57}, {"bbox": [390.5, 910.5, 42.04759216308594, 17.029386520385742, 0.024385409172718475], "area": 716.0446991967328, "category_id": 7, "segmentation": [[]], "iscrowd": 0, "image_id": 0, "id": 58}, {"bbox": [391.0, 890.0, 44.0113639831543, 17.0, 0.0], "area": 748.193187713623, "category_id": 7, "segmentation": [[]], "iscrowd": 0, "image_id": 0, "id": 59}, {"bbox": [388.0, 870.0, 35.05709457397461, 16.031219482421875, 0.057080782406264685], "area": 562.007977531408, "category_id": 7, "segmentation": [[]], "iscrowd": 0, "image_id": 0, "id": 60}, {"bbox": [390.0, 850.5, 38.01315689086914, 14.0, 0.025635408521677228], "area": 532.184196472168, "category_id": 7, "segmentation": [[]], "iscrowd": 0, "image_id": 0, "id": 61}, {"bbox": [389.0, 829.5, 36.013885498046875, 14.0, 0.0], "area": 504.19439697265625, "category_id": 7, "segmentation": [[]], "iscrowd": 0, "image_id": 0, "id": 62}, {"bbox": [389.5, 789.5, 37.0, 15.132745742797852, 0.05400150037596818], "area": 559.9115924835205, "category_id": 7, "segmentation": [[]], "iscrowd": 0, "image_id": 0, "id": 63}, {"bbox": [392.5, 770.5, 39.0128173828125, 16.0, 0.02499479361892016], "area": 624.205078125, "category_id": 7, "segmentation": [[]], "iscrowd": 0, "image_id": 0, "id": 64}, {"bbox": [395.5, 745.5, 43.046485900878906, 15.0, 0.04647813135100298], "area": 645.6972885131836, "category_id": 7, "segmentation": [[]], "iscrowd": 0, "image_id": 0, "id": 65}, {"bbox": [97.0, 1017.5, 42.01190185546875, 14.142135620117188, 0.0], "area": 594.138013699092, "category_id": 7, "segmentation": [[]], "iscrowd": 0, "image_id": 0, "id": 66}, {"bbox": [95.0, 1000.0, 41.1096076965332, 15.033296585083008, 0.02499479361892016], "area": 618.0129249983947, "category_id": 7, "segmentation": [[]], "iscrowd": 0, "image_id": 0, "id": 67}, {"bbox": [96.5, 963.0, 41.04875183105469, 16.0, 0.024385409172718538], "area": 656.780029296875, "category_id": 7, "segmentation": [[]], "iscrowd": 0, "image_id": 0, "id": 68}, {"bbox": [97.0, 927.0, 36.055511474609375, 14.0, 0.027770636593421036], "area": 504.77716064453125, "category_id": 7, "segmentation": [[]], "iscrowd": 0, "image_id": 0, "id": 69}, {"bbox": [98.5, 908.5, 39.0128173828125, 14.0, 0.026309717252922193], "area": 546.179443359375, "category_id": 7, "segmentation": [[]], "iscrowd": 0, "image_id": 0, "id": 70}, {"bbox": [98.0, 891.0, 40.04996871948242, 16.0, 0.0], "area": 640.7994995117188, "category_id": 7, "segmentation": [[]], "iscrowd": 0, "image_id": 0, "id": 71}, {"bbox": [212.5, 964.5, 48.0, 17.029386520385742, 0.020830320036216765], "area": 817.4105529785156, "category_id": 7, "segmentation": [[]], "iscrowd": 0, "image_id": 0, "id": 72}, {"bbox": [214.0, 1003.5, 46.04345703125, 17.0, 0.04345089539153084], "area": 782.73876953125, "category_id": 7, "segmentation": [[]], "iscrowd": 0, "image_id": 0, "id": 73}, {"bbox": [214.5, 945.5, 43.0, 15.0, 0.02272336084164106], "area": 645.0, "category_id": 7, "segmentation": [[]], "iscrowd": 0, "image_id": 0, "id": 74}, {"bbox": [215.5, 924.0, 41.0, 16.0, 0.0], "area": 656.0, "category_id": 7, "segmentation": [[]], "iscrowd": 0, "image_id": 0, "id": 75}, {"bbox": [216.0, 905.0, 44.0113639831543, 17.0, 0.02272336084164106], "area": 748.193187713623, "category_id": 7, "segmentation": [[]], "iscrowd": 0, "image_id": 0, "id": 76}, {"bbox": [217.5, 885.0, 45.0111083984375, 17.0, 0.02272336084164106], "area": 765.1888427734375, "category_id": 7, "segmentation": [[]], "iscrowd": 0, "image_id": 0, "id": 77}, {"bbox": [217.0, 864.5, 45.0111083984375, 20.02498435974121, 0.023805026185069942], "area": 901.3467416933272, "category_id": 7, "segmentation": [[]], "iscrowd": 0, "image_id": 0, "id": 78}, {"bbox": [217.5, 826.0, 45.0111083984375, 15.0, 0.04441521524691083], "area": 675.1666259765625, "category_id": 7, "segmentation": [[]], "iscrowd": 0, "image_id": 0, "id": 79}, {"bbox": [215.5, 786.0, 45.0111083984375, 17.0, 0.04441521524691083], "area": 765.1888427734375, "category_id": 7, "segmentation": [[]], "iscrowd": 0, "image_id": 0, "id": 80}, {"bbox": [217.0, 766.0, 46.097721099853516, 17.0, 0.06512516333438567], "area": 783.6612586975098, "category_id": 7, "segmentation": [[]], "iscrowd": 0, "image_id": 0, "id": 81}, {"bbox": [388.5, 970.0, 40.01249694824219, 15.033296585083008, 0.023805026185069966], "area": 601.5197337326535, "category_id": 7, "segmentation": [[]], "iscrowd": 0, "image_id": 0, "id": 82}, {"bbox": [386.5, 1011.0, 34.01470184326172, 15.033296585083008, 0.06053201978210687], "area": 511.3531010629231, "category_id": 7, "segmentation": [[]], "iscrowd": 0, "image_id": 0, "id": 83}, {"bbox": [804.0, 722.5, 93.04837799072266, 24.020824432373047, 0.02150206198623117], "area": 2235.0987514322333, "category_id": 7, "segmentation": [[]], "iscrowd": 0, "image_id": 0, "id": 84}, {"bbox": [626.5, 833.5, 51.009803771972656, 18.0, 0.019605330857204686], "area": 918.1764678955078, "category_id": 7, "segmentation": [[]], "iscrowd": 0, "image_id": 0, "id": 85}, {"bbox": [626.5, 789.5, 51.0, 15.0, 0.039195601927054714], "area": 765.0, "category_id": 7, "segmentation": [[]], "iscrowd": 0, "image_id": 0, "id": 86}, {"bbox": [629.0, 771.0, 51.03919982910156, 18.027755737304688, 0.019605330857204686], "area": 920.1222275465261, "category_id": 7, "segmentation": [[]], "iscrowd": 0, "image_id": 0, "id": 87}, {"bbox": [628.0, 749.5, 50.03998565673828, 19.0, 0.0], "area": 950.7597274780273, "category_id": 7, "segmentation": [[]], "iscrowd": 0, "image_id": 0, "id": 88}, {"bbox": [562.5, 1006.0, 40.04996871948242, 16.031219482421875, 0.0], "area": 642.0498388061533, "category_id": 7, "segmentation": [[]], "iscrowd": 0, "image_id": 0, "id": 89}, {"bbox": [563.0, 964.5, 42.0, 17.0, 0.0], "area": 714.0, "category_id": 7, "segmentation": [[]], "iscrowd": 0, "image_id": 0, "id": 90}, {"bbox": [564.5, 945.5, 44.0, 15.033296585083008, 0.023805026185069966], "area": 661.4650497436523, "category_id": 7, "segmentation": [[]], "iscrowd": 0, "image_id": 0, "id": 91}, {"bbox": [563.5, 923.5, 27.0, 11.0, 0.0], "area": 297.0, "category_id": 7, "segmentation": [[]], "iscrowd": 0, "image_id": 0, "id": 92}, {"bbox": [626.5, 812.5, 53.0848388671875, 20.0, 0.019228399099707208], "area": 1061.69677734375, "category_id": 7, "segmentation": [[]], "iscrowd": 0, "image_id": 0, "id": 93}, {"bbox": [624.5, 853.5, 49.01020431518555, 14.0, 0.020405330686538086], "area": 686.1428604125977, "category_id": 7, "segmentation": [[]], "iscrowd": 0, "image_id": 0, "id": 94}, {"bbox": [623.0, 874.5, 44.10215377807617, 14.0, 0.04542327942157701], "area": 617.4301528930664, "category_id": 7, "segmentation": [[]], "iscrowd": 0, "image_id": 0, "id": 95}, {"bbox": [619.5, 1001.0, 54.037025451660156, 18.027755737304688, 0.036347621019020664], "area": 974.1662956130458, "category_id": 7, "segmentation": [[]], "iscrowd": 0, "image_id": 0, "id": 96}, {"bbox": [622.5, 980.0, 49.01020431518555, 17.0, 0.01999733397315053], "area": 833.1734733581543, "category_id": 7, "segmentation": [[]], "iscrowd": 0, "image_id": 0, "id": 97}, {"bbox": [622.5, 958.5, 42.0, 15.033296585083008, 0.0], "area": 631.3984565734863, "category_id": 7, "segmentation": [[]], "iscrowd": 0, "image_id": 0, "id": 98}, {"bbox": [624.5, 938.5, 46.04345703125, 17.029386520385742, 0.0], "area": 784.0918265199289, "category_id": 7, "segmentation": [[]], "iscrowd": 0, "image_id": 0, "id": 99}, {"bbox": [620.5, 919.0, 50.08992004394531, 19.02629852294922, 0.0407936828678654], "area": 953.0257717467612, "category_id": 7, "segmentation": [[]], "iscrowd": 0, "image_id": 0, "id": 100}, {"bbox": [623.5, 896.5, 48.166378021240234, 17.029386520385742, 0.06114816264930121], "area": 820.2438686107125, "category_id": 7, "segmentation": [[]], "iscrowd": 0, "image_id": 0, "id": 101}, {"bbox": [566.0, 906.0, 43.0, 16.031219482421875, 0.0], "area": 689.3424377441406, "category_id": 7, "segmentation": [[]], "iscrowd": 0, "image_id": 0, "id": 102}, {"bbox": [567.0, 866.0, 43.011627197265625, 15.033296585083008, 0.04542327942157698], "area": 646.6065482635167, "category_id": 7, "segmentation": [[]], "iscrowd": 0, "image_id": 0, "id": 103}, {"bbox": [567.5, 844.5, 46.010868072509766, 14.03566837310791, 0.0], "area": 645.7932858245658, "category_id": 7, "segmentation": [[]], "iscrowd": 0, "image_id": 0, "id": 104}, {"bbox": [567.5, 824.5, 45.0, 17.0, 0.0], "area": 765.0, "category_id": 7, "segmentation": [[]], "iscrowd": 0, "image_id": 0, "id": 105}, {"bbox": [445.0, 891.5, 41.04875183105469, 15.033296585083008, 0.047583103276983396], "area": 617.0980607237143, "category_id": 7, "segmentation": [[]], "iscrowd": 0, "image_id": 0, "id": 106}, {"bbox": [445.0, 833.0, 48.093658447265625, 15.0, 0.020405330686538086], "area": 721.4048767089844, "category_id": 7, "segmentation": [[]], "iscrowd": 0, "image_id": 0, "id": 107}, {"bbox": [445.5, 813.0, 50.08992004394531, 15.033296585083008, 0.039195601927054714], "area": 753.016623943724, "category_id": 7, "segmentation": [[]], "iscrowd": 0, "image_id": 0, "id": 108}, {"bbox": [448.5, 772.0, 38.0, 14.03566837310791, 0.05123716740341866], "area": 533.3553981781006, "category_id": 7, "segmentation": [[]], "iscrowd": 0, "image_id": 0, "id": 109}, {"bbox": [452.5, 748.5, 43.011627197265625, 18.0, -0.023805026185069942], "area": 774.2092895507812, "category_id": 7, "segmentation": [[]], "iscrowd": 0, "image_id": 0, "id": 110}, {"bbox": [441.5, 911.5, 45.09988784790039, 16.0, 0.04441521524691083], "area": 721.5982055664062, "category_id": 7, "segmentation": [[]], "iscrowd": 0, "image_id": 0, "id": 111}, {"bbox": [444.5, 950.5, 45.0111083984375, 14.0, 0.04441521524691083], "area": 630.155517578125, "category_id": 7, "segmentation": [[]], "iscrowd": 0, "image_id": 0, "id": 112}, {"bbox": [445.0, 970.5, 44.0113639831543, 16.0, 0.0], "area": 704.1818237304688, "category_id": 7, "segmentation": [[]], "iscrowd": 0, "image_id": 0, "id": 113}, {"bbox": [568.5, 807.0, 45.0111083984375, 17.0, 0.021735706841792712], "area": 765.1888427734375, "category_id": 7, "segmentation": [[]], "iscrowd": 0, "image_id": 0, "id": 114}, {"bbox": [570.5, 766.5, 45.0, 17.0, 0.0], "area": 765.0, "category_id": 7, "segmentation": [[]], "iscrowd": 0, "image_id": 0, "id": 115}, {"bbox": [620.0, 721.5, 55.03635025024414, 21.02379608154297, 0.0356991126793238], "area": 1157.0730047335092, "category_id": 7, "segmentation": [[]], "iscrowd": 0, "image_id": 0, "id": 116}, {"bbox": [443.5, 991.0, 46.0, 18.027755737304688, 0.022218565326718842], "area": 829.2767639160156, "category_id": 7, "segmentation": [[]], "iscrowd": 0, "image_id": 0, "id": 117}, {"bbox": [439.5, 1011.0, 45.0444221496582, 16.0, -0.022218565326719057], "area": 720.7107543945312, "category_id": 7, "segmentation": [[]], "iscrowd": 0, "image_id": 0, "id": 118}]}